lake_id,system:time_start,date,system:index,ST,ST_max,ST_min,ST_stddev,ST_count,QA_PIXEL
6,1.650291919392E12,2022-04-18,1_1_1_1_LC09_003016_20220418,0.20761826304197825,[3.472096217839976],[-0.7704869269599612],[1.030841064282252],[124],29983.02137943856
6,1.651674314267E12,2022-05-04,1_1_1_1_LC09_003016_20220504,-0.5907202408200766,[3.469341293720049],[-1.0928130489999717],[0.6269478883836485],[697],30048.0
6,1.653056701819E12,2022-05-20,1_1_1_1_LC09_003016_20220520,3.130350636307467,[8.728491438800006],[2.450019369320046],[1.087073474941804],[479],29965.99575759553
6,1.679322338384E12,2023-03-20,1_1_1_1_LC09_003016_20230320,-2.6441976199511035,[-2.3710978406799654],[-2.8532095616799893],[0.101565650547365],[23],25963.03196347032
6,1.680704728213E12,2023-04-05,1_1_1_1_LC09_003016_20230405,,[null],[null],[null],[0],
6,1.68208712205E12,2023-04-21,1_1_1_1_LC09_003016_20230421,-9.71889434873281,[-8.401626739359983],[-10.016012273679962],[0.31375330964909204],[345],63058.998121520584
6,1.715264707518E12,2024-05-09,1_1_1_1_LC09_003016_20240509,2.3738534575795853,[6.8165740995200395],[1.9183190141600335],[0.5583144623755002],[521],23243.541188393818
6,1.748442298875E12,2025-05-28,1_1_1_1_LC09_003016_20250528,3.5298789949053853,[6.516287370440011],[2.1855466538000314],[0.6291242212985224],[574],23785.965158028837
6,1.777472713603E12,2026-04-29,1_1_1_1_LC09_003016_20260429,-15.48960399495672,[-13.31090152119998],[-16.972195676679974],[0.7433643340810733],[941],63048.95118305624
6,1.650291943258E12,2022-04-18,1_1_1_1_LC09_003017_20220418,0.14330712531829565,[3.3977132666000216],[-0.7704869269599612],[1.008205439867579],[122],29980.461573280743
6,1.651674338133E12,2022-05-04,1_1_1_1_LC09_003017_20220504,-0.5939805041373156,[3.697999995679993],[-1.090058124879988],[0.6512275171802578],[698],30048.0
6,1.711117562836E12,2024-03-22,1_1_1_1_LC09_003017_20240322,-6.3628326955309396,[-4.968991285839991],[-10.115189541999996],[0.6178642874506014],[1035],29875.526358130584
6,1.715264731388E12,2024-05-09,1_1_1_1_LC09_003017_20240509,2.363334656952482,[6.609954790520021],[1.915564090039993],[0.5388395460972752],[519],22889.204353704503
6,1.646749903885E12,2022-03-08,1_1_1_1_LC09_004016_20220308,-14.927343470140109,[-10.550467552960015],[-19.586618666559957],[1.809329033745267],[64236],55336.92187297718
6,1.648132299948E12,2022-03-24,1_1_1_1_LC09_004016_20220324,-10.699615808510499,[-6.87264385275995],[-17.63337746547998],[1.4288246219217868],[78507],61942.114518658826
6,1.649514696628E12,2022-04-09,1_1_1_1_LC09_004016_20220409,-2.6414749788284126,[1.8935246970800108],[-9.737764937559973],[0.9136664028093742],[78507],29939.05698575334
6,1.650897087526E12,2022-04-25,1_1_1_1_LC09_004016_20220425,0.3240408042056515,[2.436244748720071],[-3.0102402365199623],[0.6326091031227666],[78507],30000.765830184326
6,1.659191504807E12,2022-07-30,1_1_1_1_LC09_004016_20220730,2.1603684578171545,[9.599047460720044],[-0.6850842792400158],[0.8026302426585157],[66560],22729.724616581763
6,1.664721123433E12,2022-10-02,1_1_1_1_LC09_004016_20221002,-0.01055299997987413,[3.750343553960022],[-9.178515341199954],[1.9707131530673445],[59472],27920.73128311513
6,1.679927501839E12,2023-03-27,1_1_1_1_LC09_004016_20230327,-0.08324849531348233,[5.422582494799997],[-5.376720055599947],[0.9736947009499953],[78508],29320.762405490706
6,1.681309894689E12,2023-04-12,1_1_1_1_LC09_004016_20230412,0.9937564972529201,[7.182979007480014],[-4.346378434719952],[0.6351073290585161],[78507],29945.09024711652
6,1.682692288034E12,2023-04-28,1_1_1_1_LC09_004016_20230428,1.6683536119231686,[10.888351948880029],[0.4306599893600378],[0.4218938442398707],[78507],29979.598630901266
6,1.692369088426E12,2023-08-18,1_1_1_1_LC09_004016_20230818,4.762550439801056,[10.290533414840013],[2.0973890819600456],[0.7722791460298415],[74460],22558.85943121804
6,1.693751499686E12,2023-09-03,1_1_1_1_LC09_004016_20230903,4.096324902427993,[6.576895701079991],[2.072594764880023],[0.3853800328976264],[78461],22032.858648470643
6,1.695133906617E12,2023-09-19,1_1_1_1_LC09_004016_20230919,2.3483864225208277,[5.722869223880025],[-5.740370039439995],[1.751223160025832],[73230],26247.97977284351
6,1.696516308723E12,2023-10-05,1_1_1_1_LC09_004016_20231005,0.9344079048587711,[3.725549236880056],[-3.1011527324799886],[0.7339683466735666],[78384],34522.56474173138
6,1.697898716909E12,2023-10-21,1_1_1_1_LC09_004016_20231021,1.1823003561332257,[3.0726322204400276],[-4.660439784399955],[1.3341349474282274],[76804],24404.71891978265
6,1.711722702624E12,2024-03-29,1_1_1_1_LC09_004016_20240329,-1.2219540749377544,[3.5547439414399946],[-6.922232486919995],[0.8935304967828441],[78507],29817.408705680893
6,1.713105095979E12,2024-04-14,1_1_1_1_LC09_004016_20240414,-6.476364804947301,[0.9706251168800009],[-10.754331937839993],[1.79592404527469],[78507],59746.30996162956
6,1.715869870586E12,2024-05-16,1_1_1_1_LC09_004016_20240516,1.6609397847339478,[14.640558600319991],[0.3425024175199951],[0.652305542408514],[78507],29201.950086438526
6,1.721399469174E12,2024-07-19,1_1_1_1_LC09_004016_20240719,4.195332433090195,[13.35676396040003],[1.9403584071200157],[0.7787688790626119],[78529],22045.89168746965
6,1.722781872689E12,2024-08-04,1_1_1_1_LC09_004016_20240804,3.4198738626684255,[11.050892471959969],[1.7860826564000263],[0.7699166449467787],[78530],22016.52845697829
6,1.72416428448E12,2024-08-20,1_1_1_1_LC09_004016_20240820,3.5025223228746185,[6.232530186079998],[-0.6189661003599554],[0.6416590498846436],[76009],22360.652404530956
6,1.728311496033E12,2024-10-07,1_1_1_1_LC09_004016_20241007,1.5407273438795717,[4.49417306636002],[-1.7953186995999886],[0.7962591488628006],[77946],22599.160498429694
6,1.743517890699E12,2025-04-01,1_1_1_1_LC09_004016_20250401,-9.114518997498909,[-1.5198262875999262],[-14.112584440119974],[2.2261560156900586],[78507],36829.73024447264
6,1.744900292761E12,2025-04-17,1_1_1_1_LC09_004016_20250417,0.0026138761772191324,[7.24083241400001],[-4.952461741119976],[0.6055219628873632],[78507],29974.53415485367
6,1.747665073456E12,2025-05-19,1_1_1_1_LC09_004016_20250519,0.1004905902866934,[15.315515009720002],[-3.5722447569999645],[1.270939139385767],[78505],28980.663868697262
6,1.749047466864E12,2025-06-04,1_1_1_1_LC09_004016_20250604,2.2016215681170173,[6.524552142800019],[1.2323429082800317],[0.4565127021190277],[38778],23979.413436736384
6,1.75319469305E12,2025-07-22,1_1_1_1_LC09_004016_20250722,4.272840013073879,[12.984849204200032],[0.22679560448000302],[0.9990078040374919],[76503],22735.620590390132
6,1.754577101455E12,2025-08-07,1_1_1_1_LC09_004016_20250807,4.328984900208542,[9.984736837520018],[1.5491591820800181],[0.6961105703427692],[78532],21981.284565529917
6,1.758724318314E12,2025-09-24,1_1_1_1_LC09_004016_20250924,-2.2951164130032473,[5.3895234053599665],[-8.814865357359963],[3.133573142382208],[74136],34134.83513837191
6,1.760106723277E12,2025-10-10,1_1_1_1_LC09_004016_20251010,2.7806255424102204,[3.8274814293200166],[-3.1782906078399833],[0.4063973713090793],[78532],22001.00453711991
6,1.779460261285E12,2026-05-22,1_1_1_1_LC09_004016_20260522,0.46106880623235114,[14.918805936440037],[-15.228328708719971],[3.3868867848955806],[70270],28914.115836268986
6,1.780842657013E12,2026-06-07,1_1_1_1_LC09_004016_20260607,3.035729946737871,[15.235622210240024],[1.4554917620000083],[0.6632412869019337],[78518],22033.424088053245
6,1.786372290821E12,2026-08-10,1_1_1_1_LC09_004016_20260810,4.276701107764563,[10.63765385395999],[2.3728814939599943],[0.6408640887449571],[78532],22218.762653406644
6,1.65426704461E12,2022-06-03,1_1_1_1_LC09_005016_20220603,1.9273037268974775,[18.489187595960004],[1.1689796535200685],[0.754899175866774],[78507],29790.32898294945
6,1.658414267935E12,2022-07-21,1_1_1_1_LC09_005016_20220721,2.099400908211794,[11.690034867800023],[-7.630247985759922],[1.8193190330753024],[66259],22250.09401813819
6,1.666708700061E12,2022-10-25,1_1_1_1_LC09_005016_20221025,2.15545537102261,[2.937640938560037],[-3.927629968480005],[0.45857860784774035],[78532],22041.817624082323
6,1.683297451862E12,2023-05-05,1_1_1_1_LC09_005016_20230505,1.8650733767554293,[15.90506877140001],[1.1304107158400143],[0.6682305847849442],[78507],29983.620512796362
6,1.684679844594E12,2023-05-21,1_1_1_1_LC09_005016_20230521,0.13976945986281666,[10.874577328279997],[-2.2195770140799596],[1.0254654372751106],[78411],28925.09503636619
6,1.688827046649E12,2023-07-08,1_1_1_1_LC09_005016_20230708,4.570627826695763,[16.097913459799997],[1.816386821720016],[0.9667734094916811],[78261],22062.11786876405
6,1.690209447308E12,2023-07-24,1_1_1_1_LC09_005016_20230724,4.710341088406828,[11.902164025040008],[1.7227194016400063],[0.9272782584864795],[78201],22020.80241634781
6,1.695739073309E12,2023-09-26,1_1_1_1_LC09_005016_20230926,3.501783878760039,[5.954282849960066],[0.9761349651200248],[0.372520825196431],[78327],21998.626322521955
6,1.697121484857E12,2023-10-12,1_1_1_1_LC09_005016_20231012,2.7814518771187227,[5.0754620556800205],[-0.737427837519931],[0.8299469137078214],[78274],22796.078091814208
6,1.709563083835E12,2024-03-04,1_1_1_1_LC09_005016_20240304,-8.087087286929762,[-3.6245883152799934],[-14.688363581200008],[2.1676487774223694],[78507],29449.499904373024
6,1.712327872685E12,2024-04-05,1_1_1_1_LC09_005016_20240405,0.0375695231494898,[3.8963545323200037],[-4.575037136679953],[0.6052807418148961],[78507],29900.71948858833
6,1.71509264936E12,2024-05-07,1_1_1_1_LC09_005016_20240507,1.3511261391497738,[11.072931864920008],[-1.5997190870799614],[0.48642878772385295],[78507],29268.259276464072
6,1.716475039234E12,2024-05-23,1_1_1_1_LC09_005016_20240523,1.7674041943272014,[13.94907264620008],[0.6813580842800206],[0.7573502751935175],[78507],26662.231354427793
6,1.728916673136E12,2024-10-14,1_1_1_1_LC09_005016_20241014,2.9908283739478807,[4.75038100951997],[0.5849357400800272],[0.3977317621520244],[78290],21972.82561063765
6,1.759329488507E12,2025-10-01,1_1_1_1_LC09_005016_20251001,3.1918721318822407,[5.904694215800021],[-4.919402651679945],[0.7353674603892923],[75234],22138.301439555697
6,1.760711895766E12,2025-10-17,1_1_1_1_LC09_005016_20251017,2.4417370994481424,[6.036930573560028],[0.7832902767199812],[0.434379025260856],[78532],21975.35307797329
6,1.77177108122E12,2026-02-22,1_1_1_1_LC09_005016_20260222,-7.721570219710828,[-3.5309208951999835],[-11.153795935239998],[0.9263006832885565],[78068],26783.615108278744
6,1.774535868445E12,2026-03-26,1_1_1_1_LC09_005016_20260326,-8.232018836255353,[-3.8201879277999637],[-16.09061995828],[1.2956987965715676],[78507],29862.709405711204
6,1.781447832053E12,2026-06-14,1_1_1_1_LC09_005016_20260614,3.9326206637352774,[18.139312232720044],[1.926583786520041],[0.9529680949791631],[78068],22006.670826403555
6,1.786977461499E12,2026-08-17,1_1_1_1_LC09_005016_20260817,4.036121218078707,[8.560441067479985],[2.182791729679991],[0.5741404656700357],[52335],22142.846814022338
6,1.396621542226E12,2014-04-04,1_1_1_2_LC08_003016_20140404,-4.9258336989329345,[-2.211312241720009],[-10.960951246839954],[1.0794999994079382],[1248],30025.107093709335
6,1.398003925368E12,2014-04-20,1_1_1_2_LC08_003016_20140420,-5.51977611134487,[-4.17006329103998],[-9.503596387359948],[0.9101308587993224],[1155],30047.533013938453
6,1.587392704828E12,2020-04-20,1_1_1_2_LC08_003016_20200420,-0.1418223388855404,[2.7585708707600247],[-0.922007753560024],[0.8196459227022289],[254],30048.0
6,1.619187908484E12,2021-04-23,1_1_1_2_LC08_003016_20210423,3.4003206878112002,[7.337254758200061],[1.653846298640019],[1.897842979595463],[124],28993.562620065688
6,1.678631129929E12,2023-03-12,1_1_1_2_LC08_003016_20230312,,[null],[null],[null],[0],
6,1.68001352016E12,2023-03-28,1_1_1_2_LC08_003016_20230328,-2.0974653258088742,[-2.101115276919984],[-2.194782696999937],[0.03930530053812567],[3],25676.92018779343
6,1.682778300659E12,2023-04-29,1_1_1_2_LC08_003016_20230429,2.7102022265949723,[6.4419044192],[2.1552424884800416],[0.5990287163925094],[718],30022.144757565682
6,1.710426321177E12,2024-03-14,1_1_1_2_LC08_003016_20240314,-2.479233129438489,[-2.258145951759957],[-2.652100100919938],[0.12231141765384883],[20],30048.0
6,1.714573491227E12,2024-05-01,1_1_1_2_LC08_003016_20240501,2.2192006546896605,[5.094746524520019],[1.7805728081600023],[0.4761433021255295],[255],22370.2863413296
6,1.715955878509E12,2024-05-17,1_1_1_2_LC08_003016_20240517,2.4741555479908564,[4.791704871320064],[1.967907648320022],[0.5046113774311817],[140],22065.352001317748
6,1.775399106957E12,2026-04-05,1_1_1_2_LC08_003016_20260405,-13.316135664219495,[-11.966498550639983],[-14.206251860199984],[0.7385350636890133],[42],30048.0
6,1.395239181619E12,2014-03-19,1_1_1_2_LC08_003017_20140319,-13.245691130050323,[-10.735047468999937],[-19.429587991719956],[1.1816629277988515],[1137],31268.901123541247
6,1.396621566091E12,2014-04-04,1_1_1_2_LC08_003017_20140404,-4.9358685304368155,[-2.1975376211199773],[-11.016049729239967],[1.0847659082856982],[1245],30031.629637096776
6,1.398003949242E12,2014-04-20,1_1_1_2_LC08_003017_20140420,-5.515072191136197,[-4.1755731392799476],[-9.274937685400005],[0.9065959335683068],[1152],30046.980491457354
6,1.587392728693E12,2020-04-20,1_1_1_2_LC08_003017_20200420,-0.15010976312570806,[1.8411811388000388],[-0.922007753560024],[0.8169962852261704],[254],30048.0
6,1.619187932358E12,2021-04-23,1_1_1_2_LC08_003017_20210423,3.337689324425186,[7.249097186360018],[1.6648659951200102],[1.8748260414617484],[124],28922.39575050097
6,1.678631153799E12,2023-03-12,1_1_1_2_LC08_003017_20230312,,[null],[null],[null],[0],
6,1.68001354403E12,2023-03-28,1_1_1_2_LC08_003017_20230328,-2.0966501330513094,[-2.0294872497999563],[-2.169988379919971],[0.04883603254199949],[5],23331.65543071161
6,1.682778324533E12,2023-04-29,1_1_1_2_LC08_003017_20230429,2.711945490417046,[6.593425245800063],[2.1607523367200088],[0.6122849430402512],[719],30020.641630772454
6,1.710426345051E12,2024-03-14,1_1_1_2_LC08_003017_20240314,-2.479077310284451,[-2.269165648240005],[-2.6603648732800025],[0.11624980182398563],[22],30048.0
6,1.714573515105E12,2024-05-01,1_1_1_2_LC08_003017_20240501,2.2138804530994167,[5.0699522074399965],[1.7778178840400187],[0.47070643580695065],[254],22280.530058457764
6,1.715955902383E12,2024-05-17,1_1_1_2_LC08_003017_20240517,2.4657414650820817,[4.81649918840003],[1.9816822689199967],[0.4971463795509901],[143],22122.702827848516
6,1.364308214877E12,2013-03-26,1_1_1_2_LC08_004016_20130326,1.1497912850429868,[6.1609021589600275],[-3.7044811147599717],[0.7038786824005849],[78513],28585.417515230944
6,1.375108421679E12,2013-07-29,1_1_1_2_LC08_004016_20130729,5.029806204461445,[15.095121080120009],[1.978927344800013],[0.8225323484461041],[78369],22128.518267824882
6,1.376490822064E12,2013-08-14,1_1_1_2_LC08_004016_20130814,5.928990396503859,[9.323555048719982],[4.326122695039999],[0.3371510544588742],[77700],22909.390975470298
6,1.379255620378E12,2013-09-15,1_1_1_2_LC08_004016_20130915,-3.403357436286017,[0.4499444582000365],[-6.988350665799999],[0.6738928833543407],[78507],62820.0104030806
6,1.39446193533E12,2014-03-10,1_1_1_2_LC08_004016_20140310,-11.860175993513863,[-8.927817246279972],[-20.746441721079975],[1.348353616375841],[78507],29612.42315893626
6,1.399991476325E12,2014-05-13,1_1_1_2_LC08_004016_20140513,1.8198951703705846,[12.673542778640012],[1.2213232117999837],[0.4937335711022062],[78501],29987.412276287545
6,1.401373876354E12,2014-05-29,1_1_1_2_LC08_004016_20140529,1.7807797158746004,[14.252114299400034],[0.9954194339600235],[0.7052250700352986],[78503],29995.380080318533
6,1.402756284301E12,2014-06-14,1_1_1_2_LC08_004016_20140614,3.0760937288030172,[17.544248622800012],[1.8494459111599895],[1.1113762044938025],[78393],24579.03296457663
6,1.404138687498E12,2014-06-30,1_1_1_2_LC08_004016_20140630,3.4649497515830916,[11.891144328560017],[1.7420038704800618],[0.5424405592902436],[75376],22294.12061222514
6,1.406903500392E12,2014-08-01,1_1_1_2_LC08_004016_20140801,4.372824751782681,[14.119877941640027],[1.4141679002000274],[0.7918112439529416],[78422],22121.72556624301
6,1.40828590616E12,2014-08-17,1_1_1_2_LC08_004016_20140817,5.315702174378338,[11.673505323080064],[3.7227943127600156],[0.7142297327305804],[64935],26429.923527849965
6,1.409668308561E12,2014-09-02,1_1_1_2_LC08_004016_20140902,4.117661213665896,[10.342876973119985],[1.8246515940800236],[0.49695698871262584],[66913],22274.774995733416
6,1.412433113077E12,2014-10-04,1_1_1_2_LC08_004016_20141004,2.430421594725298,[3.6125973479600475],[-4.982765906439965],[0.7711173024519158],[78512],22087.148666563175
6,1.427639469624E12,2015-03-29,1_1_1_2_LC08_004016_20150329,-11.523569041830273,[-8.285919926319991],[-18.101714565879945],[1.759175860436358],[78507],33081.95656380213
6,1.430404256521E12,2015-04-30,1_1_1_2_LC08_004016_20150430,-0.8175502196849851,[6.3923157850400685],[-6.048921540879974],[0.6468916279588435],[78507],29995.046720458893
6,1.431786642946E12,2015-05-16,1_1_1_2_LC08_004016_20150516,0.8293738835184241,[8.15271229772003],[-4.431781082440011],[0.5544394316613926],[78507],30006.618390734373
6,1.433169049351E12,2015-06-01,1_1_1_2_LC08_004016_20150601,0.5060327776655602,[13.367783656880079],[-8.318979015759965],[2.2379342609871355],[26939],31294.228972408535
6,1.437316276388E12,2015-07-19,1_1_1_2_LC08_004016_20150719,4.145945536347729,[15.679164993559993],[1.521609940880012],[0.8619968786487662],[78427],22174.230686595896
6,1.438698679258E12,2015-08-04,1_1_1_2_LC08_004016_20150804,4.407584915855365,[14.574440421440045],[1.6318069056800368],[0.7805407858591649],[78413],22144.848191393765
6,1.444228303063E12,2015-10-07,1_1_1_2_LC08_004016_20151007,2.3103504515855486,[3.4913806866800314],[-4.5116738819199895],[0.7183942054319856],[78518],22084.063977745718
6,1.445610706442E12,2015-10-23,1_1_1_2_LC08_004016_20151023,1.0539093200665877,[2.345332252760045],[-10.434760739919966],[1.4435459388866805],[78531],22124.04006245602
6,1.458052291732E12,2016-03-15,1_1_1_2_LC08_004016_20160315,-10.65103841450688,[-7.409854056159986],[-17.801427836799974],[1.1567933594662518],[78507],29721.936449568104
6,1.460817076679E12,2016-04-16,1_1_1_2_LC08_004016_20160416,-2.0391231516864123,[1.3508046454400642],[-10.404456574599976],[0.7289931521879943],[78316],29960.85064174289
6,1.462199480003E12,2016-05-02,1_1_1_2_LC08_004016_20160502,-2.1331266770758894,[1.753023566960053],[-4.660439784399955],[1.450704893927532],[42418],29649.358802409308
6,1.463581876686E12,2016-05-18,1_1_1_2_LC08_004016_20160518,2.3353025696180842,[12.54957119324007],[0.2763842386399915],[0.897135869132379],[78389],23039.069235840827
6,1.469111501022E12,2016-07-21,1_1_1_2_LC08_004016_20160721,4.1349896138595055,[9.858010328000034],[3.2241530470400335],[0.37615194866773505],[78507],22013.108616054822
6,1.470493903621E12,2016-08-06,1_1_1_2_LC08_004016_20160806,4.619765351862185,[12.736906033400032],[1.6262970574400128],[0.7599116346457911],[78430],22088.103313007323
6,1.471876309413E12,2016-08-22,1_1_1_2_LC08_004016_20160822,3.5727545014674376,[10.813968997640018],[-0.43163126019999254],[1.2286820645929275],[75597],22352.16741505189
6,1.474641116057E12,2016-09-23,1_1_1_2_LC08_004016_20160923,3.7153931272776015,[7.006663863800043],[0.6455440707200069],[0.5480948400453339],[78458],22065.773936562364
6,1.489847483231E12,2017-03-18,1_1_1_2_LC08_004016_20170318,-10.167271864172406,[-2.966161450599941],[-16.25316048136],[1.9553178429495526],[78507],33627.56387415514
6,1.495377072127E12,2017-05-21,1_1_1_2_LC08_004016_20170521,1.5260774860193047,[12.604669675640025],[0.14690280500002473],[0.6145461522770684],[78507],30007.45320762733
6,1.496759480772E12,2017-06-06,1_1_1_2_LC08_004016_20170606,1.75757905754237,[14.891256695240031],[0.1055789432000438],[0.8448068092866259],[78460],27898.30009607856
6,1.498141886614E12,2017-06-22,1_1_1_2_LC08_004016_20170622,3.6445867077948106,[15.348574099160032],[1.7392489463600214],[0.7640989067890626],[78454],22722.663847949516
6,1.520260281864E12,2018-03-05,1_1_1_2_LC08_004016_20180305,-11.444950849258786,[-6.605416213120009],[-19.429587991719956],[1.7491170726495946],[78507],29474.525137026307
6,1.52164267359E12,2018-03-21,1_1_1_2_LC08_004016_20180321,-1.364781460534298,[3.2076235023200184],[-6.134324188599976],[1.0887287159995873],[78382],29672.34277881787
6,1.524407456659E12,2018-04-22,1_1_1_2_LC08_004016_20180422,-5.959679769960038,[3.058857599839996],[-9.616548276279957],[1.2337877952924001],[78507],30153.26077189689
6,1.525789847602E12,2018-05-08,1_1_1_2_LC08_004016_20180508,-1.8027227352074071,[5.9928517876400065],[-10.572506945919997],[0.7342379970053211],[78507],30005.75629450938
6,1.527172235686E12,2018-05-24,1_1_1_2_LC08_004016_20180524,-0.9402722451631169,[2.2599296050399857],[-6.294109787559989],[1.524593954750428],[20821],30063.251266584477
6,1.528554631269E12,2018-06-09,1_1_1_2_LC08_004016_20180609,1.7869448740173843,[12.690072323360027],[0.1799618944399981],[0.6735150167574073],[74331],26925.363548368852
6,1.539613892422E12,2018-10-15,1_1_1_2_LC08_004016_20181015,-3.926265763111199,[2.326047783920046],[-12.875623510239961],[3.8789325824777556],[76775],37691.91732668716
6,1.550673085385E12,2019-02-20,1_1_1_2_LC08_004016_20190220,-10.502494814454211,[-6.550317730719996],[-15.052013565039942],[1.187080773564158],[78501],28681.832929446697
6,1.556202665054E12,2019-04-25,1_1_1_2_LC08_004016_20190425,-1.9537674191067331,[4.775175326599992],[-5.170100746599985],[0.5311697135861352],[78507],29977.344574648727
6,1.557585073857E12,2019-05-11,1_1_1_2_LC08_004016_20190511,1.8485437428859857,[14.384350657160041],[-1.0074104012799694],[0.6169687684160645],[78507],29685.30307515017
6,1.558967483281E12,2019-05-27,1_1_1_2_LC08_004016_20190527,3.22460842917477,[18.34042169348004],[1.5436493338399941],[0.9800634412629672],[78479],23339.87930696334
6,1.561732295519E12,2019-06-28,1_1_1_2_LC08_004016_20190628,4.25315164745247,[11.31536518748004],[-5.338151117920006],[1.972651252604908],[53885],31603.22663500832
6,1.565879510136E12,2019-08-15,1_1_1_2_LC08_004016_20190815,4.3809295952503575,[11.232717463880022],[1.474776230840007],[0.6222439098646014],[78485],22145.845328328567
6,1.567261913835E12,2019-08-31,1_1_1_2_LC08_004016_20190831,-3.5041901865637994,[5.61267225908],[-9.622058124519981],[2.63516058194556],[42097],50276.78914217614
6,1.568644318941E12,2019-09-16,1_1_1_2_LC08_004016_20190916,3.313901348512386,[6.541081687520034],[-0.6713096586399843],[0.38643441218178187],[78513],22043.246184289874
6,1.589380266522E12,2020-05-13,1_1_1_2_LC08_004016_20200513,2.312631456502469,[7.023193408520058],[0.394845975800024],[0.830645485308111],[78119],27549.57018674055
6,1.597674703922E12,2020-08-17,1_1_1_2_LC08_004016_20200817,4.8294671877398505,[12.904956404720053],[1.9403584071200157],[0.5312954838402502],[78505],22036.446366117038
6,1.599057111895E12,2020-09-02,1_1_1_2_LC08_004016_20200902,4.249305627583462,[9.93514820336003],[1.4417171414000336],[0.518857775941208],[77173],22026.693197766006
6,1.601821921275E12,2020-10-04,1_1_1_2_LC08_004016_20201004,2.620131509286041,[4.169092020200026],[-3.8642667137199282],[0.5540694913556107],[78525],22017.619374236438
6,1.614263502873E12,2021-02-25,1_1_1_2_LC08_004016_20210225,-5.248366306711823,[-1.850417182000001],[-10.415476271079967],[1.0220788064254547],[78505],29061.139408569135
6,1.615645894189E12,2021-03-13,1_1_1_2_LC08_004016_20210313,-17.05161297387422,[-13.611188250279952],[-21.214778821479968],[1.065349997979881],[78507],62822.63770500765
6,1.617028289299E12,2021-03-29,1_1_1_2_LC08_004016_20210329,-12.639316177385782,[-8.420911208199982],[-19.46540200527997],[1.4959544739081323],[78507],62820.0
6,1.619793075049E12,2021-04-30,1_1_1_2_LC08_004016_20210430,1.504058943438457,[11.31536518748004],[-1.1919903173200055],[0.4485811773762026],[78507],29985.38576322907
6,1.621175477916E12,2021-05-16,1_1_1_2_LC08_004016_20210516,1.8532899549098485,[16.373405871800003],[0.945830799800035],[0.6409202789708545],[78511],27661.873206928987
6,1.622557886799E12,2021-06-01,1_1_1_2_LC08_004016_20210601,-7.109976922048144,[1.8990345453200348],[-11.258483051799999],[1.4062513631106488],[61608],59341.84893668134
6,1.623940292832E12,2021-06-17,1_1_1_2_LC08_004016_20210617,3.783304844855054,[17.78117209712002],[1.684150463960009],[0.6139501265234405],[78502],22191.70690857374
6,1.63085231693E12,2021-09-05,1_1_1_2_LC08_004016_20210905,4.3052794236292335,[8.948885368400056],[1.3893735831200047],[0.6281588673250597],[78525],22020.96002382109
6,1.633617125689E12,2021-10-07,1_1_1_2_LC08_004016_20211007,2.690432031565659,[5.028628345640016],[-0.31041459891997647],[0.5212018272438503],[78532],22129.574249578953
6,1.634999528083E12,2021-10-23,1_1_1_2_LC08_004016_20211023,0.07570424874640928,[2.5684811064800215],[-5.026844692359987],[1.221774484794662],[77479],30201.720705958054
6,1.652970698576E12,2022-05-19,1_1_1_2_LC08_004016_20220519,1.5035831346355335,[12.761700350480055],[0.3645418104800342],[0.4782549173519981],[78507],30009.5215244738
6,1.654353104682E12,2022-06-04,1_1_1_2_LC08_004016_20220604,2.1034857227443893,[18.671012587880057],[1.353559569559991],[0.699844233408174],[78499],29476.53899269527
6,1.658500321019E12,2022-07-22,1_1_1_2_LC08_004016_20220722,4.462937656373905,[11.059157244320033],[3.1552799440400463],[0.7913053090590293],[59837],23735.515347003933
6,1.662647537081E12,2022-09-08,1_1_1_2_LC08_004016_20220908,3.938266853445517,[7.254607034600042],[1.4665114584799994],[0.3767827852277735],[78530],22008.764642136157
6,1.682001072678E12,2023-04-20,1_1_1_2_LC08_004016_20230420,-0.744431469353435,[7.246342262240034],[-4.687989025600018],[1.0483669998808296],[78446],30050.74526244275
6,1.686148265493E12,2023-06-07,1_1_1_2_LC08_004016_20230607,1.4648790492310109,[6.243549882559989],[-2.1727433040399546],[0.8616389019411177],[74134],27370.857971879872
6,1.687530670898E12,2023-06-23,1_1_1_2_LC08_004016_20230623,3.644166793737905,[14.450468836039988],[-1.5583952252799804],[0.6158801994830524],[64241],22435.842862688074
6,1.690295488391E12,2023-07-25,1_1_1_2_LC08_004016_20230725,4.599259713425007,[10.61010461276004],[1.7172095534000391],[0.6467192976828001],[78531],22017.83744649593
6,1.69444270349E12,2023-09-11,1_1_1_2_LC08_004016_20230911,-2.4817919070695984,[4.196641261400032],[-10.861773978519977],[2.985937732753342],[57956],35352.02197471215
6,1.709649095531E12,2024-03-05,1_1_1_2_LC08_004016_20240305,-10.137501514922777,[-3.8725314860799926],[-18.578316438639973],[2.7858550342771298],[78507],36231.86147783298
6,1.715178659162E12,2024-05-08,1_1_1_2_LC08_004016_20240508,1.267585392386499,[12.7231314128],[-1.1479115313999841],[0.46877846096553055],[78507],29721.461452751973
6,1.716561045356E12,2024-05-24,1_1_1_2_LC08_004016_20240524,1.7761016739297322,[14.546891180240038],[0.4251501411200138],[0.696855553130103],[78507],26425.519565908504
6,1.729002705043E12,2024-10-15,1_1_1_2_LC08_004016_20241015,2.71145135212346,[4.375711329200044],[-1.2443338755999775],[0.543855362895902],[78463],21971.74650789854
6,1.744209077464E12,2025-04-09,1_1_1_2_LC08_004016_20250409,-0.8540872877758439,[5.863370353999983],[-8.156438492679968],[1.5082951267430742],[69975],29516.848754587852
6,1.751121086835E12,2025-06-28,1_1_1_2_LC08_004016_20250628,4.0190064741604035,[12.913221177080004],[1.1414304123200054],[0.8155136431543556],[65488],26846.8167029665
6,1.75941551439E12,2025-10-02,1_1_1_2_LC08_004016_20251002,3.2032495276800095,[4.918431380839991],[-0.31592444716000045],[0.5027366177681486],[78304],22023.649603510126
6,1.760797917298E12,2025-10-18,1_1_1_2_LC08_004016_20251018,2.4852568691335217,[5.2380025787600175],[0.4113755205200391],[0.5584679779858542],[78532],21975.739317913816
6,1.774621883967E12,2026-03-27,1_1_1_2_LC08_004016_20260327,-10.471136839379106,[-5.613643529919955],[-18.581071362759957],[2.897975790755134],[75981],41763.37924012821
6,1.780151446287E12,2026-05-30,1_1_1_2_LC08_004016_20260530,1.8864237830033765,[15.825175971920032],[-2.3352838271200085],[1.458546317140907],[77313],22419.91631121138
6,1.781533852287E12,2026-06-15,1_1_1_2_LC08_004016_20260615,3.7503961357622195,[18.549795926599984],[1.3838637348800376],[0.8884640770315939],[78532],22007.339065985034
6,1.782916264589E12,2026-07-01,1_1_1_2_LC08_004016_20260701,,[null],[null],[null],[0],
6,1.785681079664E12,2026-08-02,1_1_1_2_LC08_004016_20260802,-1.8229004529441462,[6.094783980080024],[-5.919440107240007],[1.5797996288490588],[69749],52092.763930169036
6,1.366036781966E12,2013-04-15,1_1_1_2_LC08_005016_20130415,0.927149165020504,[7.246342262240034],[-4.74033258387999],[0.6941313081507481],[78514],28877.591658804253
6,1.395067101384E12,2014-03-17,1_1_1_2_LC08_005016_20140317,-10.518372033620572,[-6.748672267360007],[-20.62797998391997],[1.6002761337499682],[78507],29779.94709617169
6,1.396449485259E12,2014-04-02,1_1_1_2_LC08_005016_20140402,-5.508954076214131,[-3.30777204147995],[-11.1345114664],[0.6105748129250198],[78507],29909.34898960795
6,1.399214252635E12,2014-05-04,1_1_1_2_LC08_005016_20140504,1.7218995311077445,[12.172146588800047],[1.2213232117999837],[0.5006839825252791],[78507],29990.34054204704
6,1.407508674712E12,2014-08-08,1_1_1_2_LC08_005016_20140808,4.24068155176735,[12.075724244600053],[1.5684436509200168],[0.6356372001213206],[78270],22111.778571643208
6,1.411655877777E12,2014-09-25,1_1_1_2_LC08_005016_20140925,2.7351327717052505,[3.788912491640019],[-4.340868586479985],[0.5886395884755536],[78291],22107.24646586576
6,1.414420684005E12,2014-10-27,1_1_1_2_LC08_005016_20141027,0.523566528891888,[1.5629338026800497],[-9.79561834407997],[1.1665638876072175],[78528],22140.048276659814
6,1.428244635541E12,2015-04-05,1_1_1_2_LC08_005016_20150405,-3.278591786369416,[1.4830410032000145],[-11.94445915768],[0.9733385456518339],[78507],29928.76025522244
6,1.43100941916E12,2015-05-07,1_1_1_2_LC08_005016_20150507,0.9810109134067132,[8.433714557960002],[-0.34898353659997383],[0.3768091189698984],[78507],30000.332303512238
6,1.43515663206E12,2015-06-24,1_1_1_2_LC08_005016_20150624,1.8522671980391872,[17.93820277196005],[1.0064391304400147],[0.9563668055929532],[78477],29301.475868615984
6,1.442068667315E12,2015-09-12,1_1_1_2_LC08_005016_20150912,3.306907177879457,[6.987379394960044],[0.6262596018800082],[0.3982533049313802],[78462],22081.23719699226
6,1.458657458587E12,2016-03-22,1_1_1_2_LC08_005016_20160322,-3.855420774822877,[-0.6823293551199754],[-9.602773655679982],[1.2027421159414433],[78507],29850.891331626106
6,1.47662869279E12,2016-10-16,1_1_1_2_LC08_005016_20161016,1.698963988162624,[2.455529217560013],[-7.4429131455999595],[0.8910604527062218],[78532],22119.169914900118
6,1.489070259778E12,2017-03-09,1_1_1_2_LC08_005016_20170309,-4.1242528069427085,[-1.125872138440002],[-9.07382822464001],[0.887814338802284],[78507],29680.444901846757
6,1.504276679093E12,2017-09-01,1_1_1_2_LC08_005016_20170901,5.078132561873181,[9.067347105560032],[1.3205004801200175],[0.849906945830933],[73088],23962.33378561238
6,1.507041487677E12,2017-10-03,1_1_1_2_LC08_005016_20171003,2.4120746892764937,[3.9018643805600277],[-2.2361065587999747],[0.5434923706882483],[78453],22046.8764622746
6,1.522247841468E12,2018-03-28,1_1_1_2_LC08_005016_20180328,-6.951194690717698,[-0.6740645827599678],[-13.947288992919994],[1.231761510988634],[78507],29856.264265733338
6,1.523630232852E12,2018-04-13,1_1_1_2_LC08_005016_20180413,-3.3932279033940187,[2.4527742934400294],[-12.115264453119948],[1.5720040924198049],[74108],29944.38800073705
6,1.525012623851E12,2018-04-29,1_1_1_2_LC08_005016_20180429,-1.5117632691245977,[5.149845006920032],[-8.285919926319991],[0.8194252009194047],[78507],29982.206524500532
6,1.533307032112E12,2018-08-03,1_1_1_2_LC08_005016_20180803,3.5523349227254646,[10.780909908199988],[1.3563144936800313],[0.5664625356648997],[78249],22120.229648630637
6,1.537454251193E12,2018-09-20,1_1_1_2_LC08_005016_20180920,2.666812755293037,[5.665015817360029],[-1.1975001655599726],[0.4421422348508058],[78496],22064.67907838794
6,1.540219065451E12,2018-10-22,1_1_1_2_LC08_005016_20181022,-0.7896982515676214,[1.0119489786800386],[-7.4842370073999405],[1.0363784794603197],[78516],22228.222226438746
6,1.5512782543E12,2019-02-27,1_1_1_2_LC08_005016_20190227,-8.175583517638179,[-2.809130775759968],[-13.870151117559999],[2.4178611129236502],[35047],30112.62268007761
6,1.552660648499E12,2019-03-15,1_1_1_2_LC08_005016_20190315,-19.32516808097993,[-13.850866648719943],[-22.851203748759957],[1.1669568234892298],[78507],62820.88745692953
6,1.566484682802E12,2019-08-22,1_1_1_2_LC08_005016_20190822,3.8339721010734085,[9.74781336320001],[1.1744895017599788],[0.5267014018432747],[78495],22120.77055660494
6,1.583073470395E12,2020-03-01,1_1_1_2_LC08_005016_20200301,-22.94054687600883,[-15.72421505031997],[-32.05816015779996],[2.2700382171798243],[78507],58519.38537313354
6,1.585838253603E12,2020-04-02,1_1_1_2_LC08_005016_20200402,-6.736665897039312,[-2.9441220576399587],[-15.941854055799979],[1.8500795364769842],[78507],49807.64578963116
6,1.613486277089E12,2021-02-16,1_1_1_2_LC08_005016_20210216,-17.910242296932918,[-11.43479819547997],[-22.46000452371996],[2.5106767422311336],[64587],50358.72952112387
6,1.619015851216E12,2021-04-21,1_1_1_2_LC08_005016_20210421,0.8893672620413746,[8.03976040880002],[-1.577679694119979],[0.32540670473845756],[78507],29973.845305391467
6,1.623163060613E12,2021-06-08,1_1_1_2_LC08_005016_20210608,3.3026018557772416,[18.001566026720013],[1.392128507240045],[0.7043218126596762],[78532],22226.828010938414
6,1.632839893246E12,2021-09-28,1_1_1_2_LC08_005016_20210928,2.506136791171596,[4.193886337280048],[-1.9110255126399807],[0.4335033619847194],[78167],22147.70389646054
6,1.648046262786E12,2022-03-23,1_1_1_2_LC08_005016_20220323,-9.859501472788393,[-6.434610917679947],[-17.46532709415996],[1.1640218197284893],[78507],29928.424361273315
6,1.657723086155E12,2022-07-13,1_1_1_2_LC08_005016_20220713,3.818028110557195,[11.984811748640027],[1.4665114584799994],[0.6224126670424539],[78528],22182.72561177805
6,1.679841462571E12,2023-03-26,1_1_1_2_LC08_005016_20230326,-11.519070468967508,[-7.0654885411599935],[-14.859168876639956],[1.0453463941750196],[78507],62820.0
6,1.685371031425E12,2023-05-29,1_1_1_2_LC08_005016_20230529,1.8364279014366987,[15.321024857960026],[0.7998198214400531],[0.8150827949479769],[78507],27835.244231225864
6,1.686753440083E12,2023-06-14,1_1_1_2_LC08_005016_20230614,3.1589702105337936,[14.929825632920029],[1.6786406157200418],[0.6005876241300516],[78531],22943.470702371586
6,1.69228306951E12,2023-08-17,1_1_1_2_LC08_005016_20230817,3.761574026992548,[10.491642875600007],[1.0339883716400209],[0.7848524619919641],[78507],62819.96633376382
6,1.695047877051E12,2023-09-18,1_1_1_2_LC08_005016_20230918,3.3926739432663955,[6.221510489600007],[0.22955052860004344],[0.35296403521157926],[78303],21997.495087043593
6,1.710254263705E12,2024-03-12,1_1_1_2_LC08_005016_20240312,-9.566409754522223,[-2.8173955481199755],[-14.768256380679986],[1.610956930194056],[78507],54325.31786383568
6,1.711636648594E12,2024-03-28,1_1_1_2_LC08_005016_20240328,-2.782703465733995,[1.433452369040026],[-8.018692286679993],[0.8873787054794666],[78507],29817.69815798899
6,1.715783819922E12,2024-05-15,1_1_1_2_LC08_005016_20240515,0.9462959530862196,[12.739660957520073],[-0.8944585123599609],[0.4562940531317271],[78500],29771.209924611307
6,1.72684306808E12,2024-09-20,1_1_1_2_LC08_005016_20240920,2.8791719478889353,[7.8441607962799935],[0.99266450984004],[0.3876314717838292],[78532],21972.194343474468
6,1.728225465215E12,2024-10-06,1_1_1_2_LC08_005016_20241006,2.2240362506945712,[4.43356473572004],[-0.4398960325600001],[0.6736656747755542],[78532],21968.596653914556
6,1.742049459406E12,2025-03-15,1_1_1_2_LC08_005016_20250315,-5.792571146245213,[0.3480122657600191],[-11.211649341759994],[0.9316438351428602],[78507],29714.002775998593
6,1.744814244753E12,2025-04-16,1_1_1_2_LC08_005016_20250416,-1.39943994646157,[5.141580234560024],[-8.925062322159988],[0.8671994788444619],[78507],30024.963735140467
6,1.750343853726E12,2025-06-19,1_1_1_2_LC08_005016_20250619,3.3587243713077863,[15.029002901240005],[1.8604656076400374],[0.5860659287366881],[78532],22082.14257718375
6,1.776609445341E12,2026-04-19,1_1_1_2_LC08_005016_20260419,-2.7261898673919203,[0.38933612756],[-9.666136910440002],[0.7362171219341139],[78507],29976.118506380204
6,1.783521437301E12,2026-07-08,1_1_1_2_LC08_005016_20260708,3.8157859752434153,[14.034475293920025],[1.6400716780400444],[0.7598161709636934],[78474],21993.228088628897
6,1.786286252318E12,2026-08-09,1_1_1_2_LC08_005016_20260809,3.9030734769918034,[9.279476262800017],[2.1662621849600328],[0.5824256790600345],[77289],22280.83538665323
6,9.57709061487E11,2000-05-07,1_1_2_LE07_003016_20000507,5.372993860640065,[null],[null],[null],[0],13600.0
6,9.66003396199E11,2000-08-11,1_1_2_LE07_003016_20000811,7.468067754791077,[14.577195345560028],[2.2489099085599946],[3.7544543551783107],[342],7498.47167500372
6,9.67385787856E11,2000-08-27,1_1_2_LE07_003016_20000827,5.729470450004364,[13.23003745087999],[2.0863693854799976],[2.3745727275447597],[1013],7666.253268353059
6,9.96416082149E11,2001-07-29,1_1_2_LE07_003016_20010729,5.772495135080931,[14.987679039440025],[1.863220531760021],[3.0222160870544403],[1482],6207.462586635002
6,1.019916859764E12,2002-04-27,1_1_2_LE07_003016_20020427,2.0234361140229695,[7.720189210879994],[-0.963331615359948],[2.2580384371902205],[106],13600.0
6,1.024064042318E12,2002-06-14,1_1_2_LE07_003016_20020614,,[null],[null],[null],[0],
6,1.030976010734E12,2002-09-02,1_1_2_LE07_003016_20020902,5.834168244979021,[10.488887951480024],[1.3397849489600162],[2.3067835546939413],[522],7993.302219692653
6,1.094566452691E12,2004-09-07,1_1_2_LE07_003016_20040907,,[null],[null],[null],[0],
6,1.148480135079E12,2006-05-24,1_1_2_LE07_003016_20060524,,[null],[null],[null],[0],
6,1.183040146081E12,2007-06-28,1_1_2_LE07_003016_20070628,5.954750724015673,[19.987866317240048],[0.30944332808002173],[4.614257739043457],[645],8199.074382972525
6,1.207923339227E12,2008-04-11,1_1_2_LE07_003016_20080411,-1.925096704060696,[2.408695507520008],[-8.903022929200006],[0.737205740512615],[1595],13600.0
6,1.217600085972E12,2008-08-01,1_1_2_LE07_003016_20080801,8.000333486514954,[15.629576359400062],[2.9156015455999977],[3.7418304632842956],[552],5509.209513152116
6,1.245248156444E12,2009-06-17,1_1_2_LE07_003016_20090617,1.833718847642399,[11.797476908480007],[-29.005704232839975],[2.5156696904847067],[1456],11076.122005621934
6,1.246630553721E12,2009-07-03,1_1_2_LE07_003016_20090703,6.8279002921167535,[17.235697121360033],[-32.19039651555997],[4.600549854461174],[941],7313.009872008024
6,1.249395343993E12,2009-08-04,1_1_2_LE07_003016_20090804,5.243701577846848,[12.871897315280023],[-22.589485957359955],[3.324326367331009],[220],9518.679326715583
6,1.253542539806E12,2009-09-21,1_1_2_LE07_003016_20090921,-2.029473701578714,[3.529949624360029],[-21.886980306759966],[1.9860480423527684],[1001],12807.42005102582
6,1.268749059732E12,2010-03-16,1_1_2_LE07_003016_20100316,-11.170844359980492,[-8.21153697507998],[-19.91169971271998],[1.1543927613048672],[1352],13600.567298639973
6,1.27151386396E12,2010-04-17,1_1_2_LE07_003016_20100417,-0.7572875427641367,[8.273928959000045],[-18.680248631079962],[2.7735262673869814],[1222],13453.660166916901
6,1.278425863657E12,2010-07-06,1_1_2_LE07_003016_20100706,-0.2452104493310608,[9.152749753280034],[-34.83787859487995],[10.238148294850616],[23],12482.647814910031
6,1.28119066363E12,2010-08-07,1_1_2_LE07_003016_20100807,8.221746221163599,[12.373256049560041],[6.158147234840044],[2.8610788552709603],[3],5442.0
6,1.283955468241E12,2010-09-08,1_1_2_LE07_003016_20100908,4.970379662992376,[11.293325794520058],[-39.816026479719966],[3.5754076484496067],[426],5503.388431120105
6,1.317133125357E12,2011-09-27,1_1_2_LE07_003016_20110927,-0.06836268558248804,[7.342764606440028],[-42.92909073531999],[2.5329115576984846],[1166],12452.674965440416
6,1.332339578841E12,2012-03-21,1_1_2_LE07_003016_20120321,-9.074659512855185,[-5.836792383639988],[-17.49563125947998],[1.524885761107465],[411],13575.008684300154
6,1.336486808501E12,2012-05-08,1_1_2_LE07_003016_20120508,1.2386892308220998,[14.615764283239969],[-38.94822538191997],[1.4890621424555341],[12813],13548.080919075988
6,1.365517293023E12,2013-04-09,1_1_2_LE07_003016_20130409,2.187923107757732,[8.521872129800045],[-41.006153699559974],[3.8754238779549426],[546],12524.418537542559
6,1.369664479216E12,2013-05-27,1_1_2_LE07_003016_20130527,3.0705957267413257,[9.52190958536005],[-38.47988828151995],[3.2308851634815765],[1155],7794.662150811498
6,1.373811654395E12,2013-07-14,1_1_2_LE07_003016_20130714,4.191465957294943,[12.654258309800014],[-30.529177271199984],[2.536501850762162],[704],5935.205108099025
6,1.375194046137E12,2013-07-30,1_1_2_LE07_003016_20130730,6.980350903630687,[14.125387789880051],[-30.708247338999968],[4.340743317462581],[507],5630.759323919293
6,9.57709085352E11,2000-05-07,1_1_2_LE07_003017_20000507,7.39786308884004,[null],[null],[null],[0],13600.0
6,1.019916883644E12,2002-04-27,1_1_2_LE07_003017_20020427,1.9669026111873493,[7.962622533440026],[-0.963331615359948],[2.2280992516377207],[107],13600.0
6,1.024064066195E12,2002-06-14,1_1_2_LE07_003017_20020614,,[null],[null],[null],[0],
6,1.030976034611E12,2002-09-02,1_1_2_LE07_003017_20020902,5.914150616544363,[10.662448171040012],[1.3370300248400326],[2.347021151314646],[492],7657.849998804201
6,1.094566476567E12,2004-09-07,1_1_2_LE07_003017_20040907,,[null],[null],[null],[0],
6,1.148480158956E12,2006-05-24,1_1_2_LE07_003017_20060524,,[null],[null],[null],[0],
6,1.149862556513E12,2006-06-09,1_1_2_LE07_003017_20060609,,[null],[null],[null],[0],
6,1.178892978533E12,2007-05-11,1_1_2_LE07_003017_20070511,4.322837912820196,[13.373293505119989],[0.6923777807600118],[3.511520857842768],[606],13049.107921194875
6,1.2079233631E12,2008-04-11,1_1_2_LE07_003017_20080411,-1.8923468092594993,[2.397675811040017],[-9.938874398319967],[0.7301342205697297],[1576],13600.0
6,1.217600109845E12,2008-08-01,1_1_2_LE07_003017_20080801,4.780540918049598,[11.59361252360003],[3.1966038058400272],[1.3619206486469975],[237],5508.002236621385
6,1.238336170429E12,2009-03-29,1_1_2_LE07_003017_20090329,-11.75923556812774,[-8.795580888519964],[-16.61681046519999],[1.197629300956614],[291],13600.88128088129
6,1.241100979174E12,2009-04-30,1_1_2_LE07_003017_20090430,-0.5640658851106661,[7.375823695880058],[-19.773953506719977],[1.815120909791846],[1572],13600.0
6,1.250777765355E12,2009-08-20,1_1_2_LE07_003017_20090820,,[null],[null],[null],[0],
6,1.253542563684E12,2009-09-21,1_1_2_LE07_003017_20090921,-2.3025116299126474,[3.8329912775600405],[-32.02785599247997],[2.2393840924272754],[776],13197.013060910416
6,1.270131487264E12,2010-04-01,1_1_2_LE07_003017_20100401,-0.2514001930260176,[5.99560671175999],[-43.02275815539997],[2.39760874186037],[1662],13373.54686740907
6,1.271513887834E12,2010-04-17,1_1_2_LE07_003017_20100417,-0.6944566145138126,[8.207810780120042],[-12.999595095639961],[2.713573497538372],[1189],13463.653843617709
6,1.281190687503E12,2010-08-07,1_1_2_LE07_003017_20100807,16.196043228454617,[16.98224410232001],[16.98224410232001],[0.0],[1],5698.0
6,1.283955492119E12,2010-09-08,1_1_2_LE07_003017_20100908,4.370863313964186,[10.455828862039994],[-19.192664517399947],[2.6000618835518994],[322],5504.8919150393995
6,1.300544368631E12,2011-03-19,1_1_2_LE07_003017_20110319,,[null],[null],[null],[0],
6,1.303309170404E12,2011-04-20,1_1_2_LE07_003017_20110420,2.0655759244523444,[5.058932510960005],[-2.0460167945199714],[1.5777989212337953],[52],11542.67121729238
6,1.304691571446E12,2011-05-06,1_1_2_LE07_003017_20110506,-0.556734062921415,[2.7640807190000487],[-6.641230226679966],[1.4286806488542259],[155],13744.969681606164
6,1.332339602714E12,2012-03-21,1_1_2_LE07_003017_20120321,-8.861439467098279,[-5.834037459520005],[-20.26708492419999],[1.4857614227899887],[395],13600.713732729877
6,1.361370125596E12,2013-02-20,1_1_2_LE07_003017_20130220,-2.9978077368040603,[-0.08726574519994301],[-4.362907979439967],[0.7777021482291934],[384],12967.67435449784
6,1.362752523735E12,2013-03-08,1_1_2_LE07_003017_20130308,-7.944527217854346,[-2.809130775759968],[-42.43595931783997],[3.1905119440822634],[446],13164.838222378363
6,1.365517316901E12,2013-04-09,1_1_2_LE07_003017_20130409,2.398144582759084,[8.587990308679991],[-32.00306167539998],[2.9710361708303274],[520],12401.814572640207
6,1.372429288502E12,2013-06-28,1_1_2_LE07_003017_20130628,4.169964625803028,[14.163956727560048],[-31.29229125243998],[2.267929487613742],[752],6534.695490663596
6,1.375194070015E12,2013-07-30,1_1_2_LE07_003017_20130730,4.055014976428885,[10.689997412240018],[-25.595108172279964],[3.3776635221453213],[272],5505.269623085642
6,9.33431075607E11,1999-07-31,1_1_2_LE07_004016_19990731,4.086139410980247,[15.144709714280054],[0.36178688636005063],[0.9068961545738654],[78531],5768.574278306526
6,9.37578272558E11,1999-09-17,1_1_2_LE07_004016_19990917,3.211334312212153,[8.207810780120042],[-1.3600406886400265],[0.6240025261867106],[78300],5843.391839029369
6,9.51402259256E11,2000-02-24,1_1_2_LE07_004016_20000224,-19.948132615380437,[-11.462347436679977],[-33.12156086811996],[3.829394810818851],[78501],12610.62666705073
6,9.5831422925E11,2000-05-14,1_1_2_LE07_004016_20000514,0.5805479645801629,[9.513644812999985],[-3.318791737959998],[0.5304616284848874],[78507],13546.90074983313
6,9.85962110973E11,2001-03-30,1_1_2_LE07_004016_20010330,-1.8721900688539954,[4.571310941720014],[-10.28323991331996],[1.1239667270004339],[78507],13423.705434813986
6,9.90109293332E11,2001-05-17,1_1_2_LE07_004016_20010517,1.1340362040853036,[12.232754919440026],[-1.850417182000001],[0.6513218738717176],[78505],13541.493969864585
6,9.98403630374E11,2001-08-21,1_1_2_LE07_004016_20010821,3.916758946278622,[11.395257986960019],[1.108371322880032],[0.5378307165489685],[78268],5763.3544999969245
6,1.001168409659E12,2001-09-22,1_1_2_LE07_004016_20010922,3.099437788659593,[8.199546007760034],[-0.045941883400018924],[0.5540836445013544],[78456],5745.595258077584
6,1.016374830538E12,2002-03-17,1_1_2_LE07_004016_20020317,-9.370967094570728,[-4.307809497040012],[-16.63609493403999],[1.255752709279869],[78507],13599.237681973633
6,1.026051607135E12,2002-07-07,1_1_2_LE07_004016_20020707,3.896358668259903,[16.626858890840026],[1.1799993500000596],[0.7684077836376123],[78065],5895.83315992211
6,1.028816392097E12,2002-08-08,1_1_2_LE07_004016_20020808,3.803485036941386,[13.466960925199999],[0.5959554365600184],[0.6794728464834392],[78175],5777.539559865197
6,1.031581179254E12,2002-09-09,1_1_2_LE07_004016_20020909,3.352745256847172,[8.08934904296001],[-1.8641918025999757],[0.7299298797326702],[78515],5790.5073138793605
6,1.050934825876E12,2003-04-21,1_1_2_LE07_004016_20030421,-0.9152180168572903,[7.632031639040008],[-8.925062322159988],[0.894217581394462],[78507],13535.037138306021
6,1.053699622838E12,2003-05-23,1_1_2_LE07_004016_20030523,1.461078680080582,[14.646068448560072],[0.29015885924002305],[0.7305335229260569],[78507],13565.595394615773
6,1.082730049541E12,2004-04-23,1_1_2_LE07_004016_20040423,-1.4988033377380199,[2.3343125562800537],[-6.864379080399999],[1.8393029162428216],[40772],13630.085492434913
6,1.086877245616E12,2004-06-10,1_1_2_LE07_004016_20040610,3.2379816824394037,[17.896878910160012],[1.0064391304400147],[0.9247670834693308],[64113],6162.623144769067
6,1.08825964322E12,2004-06-26,1_1_2_LE07_004016_20040626,3.8036965482636957,[17.962997089040073],[0.8797126209200314],[0.9490569420421648],[61158],5940.811047754306
6,1.097936419813E12,2004-10-16,1_1_2_LE07_004016_20041016,0.9271195212589991,[3.483115914320024],[-4.068131098599963],[0.8826658210019694],[63616],10438.525103284217
6,1.111760483103E12,2005-03-25,1_1_2_LE07_004016_20050325,-6.766289954229768,[0.7832902767199812],[-13.704855670359962],[2.208776326469835],[45546],13021.299545762815
6,1.114525275729E12,2005-04-26,1_1_2_LE07_004016_20050426,1.1407073030787425,[14.792079426920054],[-2.999220540039971],[0.6725170505116662],[64000],13520.883873301456
6,1.128349245972E12,2005-10-03,1_1_2_LE07_004016_20051003,2.676961339733729,[4.700792375360038],[-3.103907656599972],[0.8371480081401905],[64865],5837.209960812208
6,1.129731653105E12,2005-10-19,1_1_2_LE07_004016_20051019,2.55717675458173,[4.155317399599994],[-3.712745887119979],[0.6559226763355135],[55932],6035.036191795697
6,1.149085305169E12,2006-05-31,1_1_2_LE07_004016_20060531,2.841857108449599,[16.491867608960035],[0.8852224691599986],[0.8733246059533615],[64507],6201.916588122333
6,1.151850095669E12,2006-07-02,1_1_2_LE07_004016_20060702,4.1996041084646,[19.505754596240024],[1.1882641223600103],[1.024994362170443],[64283],5741.347044919291
6,1.158762072061E12,2006-09-20,1_1_2_LE07_004016_20060920,3.559893037581365,[9.808421693839989],[0.8163493661600114],[0.5969291786309115],[62205],7039.05052429938
6,1.161526878045E12,2006-10-22,1_1_2_LE07_004016_20061022,2.4080392365803385,[5.700829830920043],[-2.536393287880003],[0.8411581066451574],[63856],5709.6842349967155
6,1.178115728659E12,2007-05-02,1_1_2_LE07_004016_20070502,0.8951833127136247,[10.863557631800006],[-7.363020346119981],[0.6711890379990578],[65147],13546.38486977841
6,1.180880517493E12,2007-06-03,1_1_2_LE07_004016_20070603,1.5235614015243657,[18.77569970444],[0.18822666680000566],[0.8747265132378282],[64987],13552.497670994584
6,1.183645315946E12,2007-07-05,1_1_2_LE07_004016_20070705,2.9008942619376983,[18.450618658280007],[-0.6685547345199438],[1.3154128477729896],[64913],5906.540597149924
6,1.185027712508E12,2007-07-21,1_1_2_LE07_004016_20070721,3.4088445321718535,[11.833290922040021],[-0.5390733008799771],[0.8908567864921237],[64775],5704.65123142646
6,1.209910905115E12,2008-05-04,1_1_2_LE07_004016_20080504,1.527290323788602,[15.009718432400007],[-0.7870164716799763],[0.757177683256848],[65743],13524.97643137353
6,1.215440471626E12,2008-07-07,1_1_2_LE07_004016_20080707,4.138528254967622,[13.348499188039966],[0.5987103606800588],[0.7441996365192478],[60640],5744.6563983462165
6,1.216822859803E12,2008-07-23,1_1_2_LE07_004016_20080723,4.270808424987245,[15.70946915888004],[1.2516273771200304],[0.6991928841140129],[64513],5714.646719187934
6,1.21820525419E12,2008-08-08,1_1_2_LE07_004016_20080808,4.205203986690233,[10.386955759040006],[-2.7540322933599555],[2.025283857808566],[26933],6739.526194639651
6,1.219587647405E12,2008-08-24,1_1_2_LE07_004016_20080824,3.9642039092066192,[10.411750076119972],[0.6841130084000042],[0.5196890656634979],[65399],5711.533872612847
6,1.220970039478E12,2008-09-09,1_1_2_LE07_004016_20080909,3.6059422792181945,[8.367596379080055],[0.4416796858400289],[0.5070803922957149],[64967],5681.986029813367
6,1.222352430292E12,2008-09-25,1_1_2_LE07_004016_20080925,2.3949468738176045,[6.240794958440006],[-4.376682600039999],[1.3172895067813641],[65532],7248.725187037452
6,1.223734818414E12,2008-10-11,1_1_2_LE07_004016_20081011,2.6104556620745893,[5.441866963640052],[-2.2361065587999747],[0.7305511757515503],[63742],5895.698810085939
6,1.2389413198E12,2009-04-05,1_1_2_LE07_004016_20090405,-4.674931551055064,[1.659356146880043],[-12.715837911280005],[1.343550975937243],[65141],13599.976135801386
6,1.240323724287E12,2009-04-21,1_1_2_LE07_004016_20090421,-1.5158222847594116,[7.808346782720037],[-7.544845338039977],[0.9379796224487581],[64625],13539.725065936762
6,1.241706127238E12,2009-05-07,1_1_2_LE07_004016_20090507,-2.336634941611131,[8.772570224720027],[-11.74610462103999],[0.8011394862636478],[65464],13597.392894659582
6,1.248618118104E12,2009-07-26,1_1_2_LE07_004016_20090726,3.7093424099799814,[15.42020212628006],[0.8604281520800328],[0.9592938824118283],[55445],6678.681926098419
6,1.251382912334E12,2009-08-27,1_1_2_LE07_004016_20090827,4.060052156890571,[9.14723990504001],[0.8025747455600367],[0.5788794802635553],[64651],5694.175791289471
6,1.270736634868E12,2010-04-08,1_1_2_LE07_004016_20100408,-1.167999370605537,[8.48330319211999],[-9.159230872359956],[0.9656318562743714],[65304],13485.393230669672
6,1.28594303485E12,2010-10-01,1_1_2_LE07_004016_20101001,1.8112299484442156,[4.844048429600036],[-2.9689163747199814],[1.157383825084227],[57722],7859.98080048066
6,1.301149516892E12,2011-03-26,1_1_2_LE07_004016_20110326,1.2215607423768418,[9.18856376683999],[-2.1451940628400052],[0.4252340782588684],[64510],11790.058859112247
6,1.302531919186E12,2011-04-11,1_1_2_LE07_004016_20110411,-5.113457984954674,[4.576820789960038],[-13.297126900600006],[1.1194402773657415],[64684],13489.785425019752
6,1.306679117951E12,2011-05-29,1_1_2_LE07_004016_20110529,0.48341185747443416,[14.855442681680017],[-5.263768166679938],[1.4315310242175259],[57504],13394.988451798476
6,1.309443913269E12,2011-06-30,1_1_2_LE07_004016_20110630,3.7934043402625472,[15.16950403136002],[1.1799993500000596],[0.6968562163989129],[64469],5761.768581032815
6,1.313591106105E12,2011-08-17,1_1_2_LE07_004016_20110817,-6.9340072848044105,[-1.1120975178399704],[-8.622020668959976],[0.8377974254875837],[14069],13849.662767442263
6,1.314973502994E12,2011-09-02,1_1_2_LE07_004016_20110902,3.0564637620246966,[7.163694538640016],[-3.2416538626000033],[1.32534201951137],[57065],6944.251630022333
6,1.338474368282E12,2012-05-31,1_1_2_LE07_004016_20120531,2.3935781369881988,[16.607574422000027],[0.7502311872800078],[0.859323313807892],[64519],7293.45015139267
6,1.341239177466E12,2012-07-02,1_1_2_LE07_004016_20120702,4.226295450649024,[18.034625116160043],[1.433452369040026],[0.8476201768355303],[63085],6017.964720808253
6,1.342621591293E12,2012-07-18,1_1_2_LE07_004016_20120718,4.272920610315493,[17.500169836880048],[0.615239905400017],[0.9404002072979174],[63334],5684.077084665242
6,1.345386412646E12,2012-08-19,1_1_2_LE07_004016_20120819,4.916168743765013,[13.885709391440002],[0.6290145260000486],[1.3728104305956257],[63505],5725.055089612533
6,1.366122460737E12,2013-04-16,1_1_2_LE07_004016_20130416,0.5423075013731222,[8.249134641920023],[-5.927704879599958],[0.6528876728202065],[65100],13239.463972342915
6,1.373034430076E12,2013-07-05,1_1_2_LE07_004016_20130705,3.5614667725429032,[14.329252174760029],[1.0257235992800133],[0.5309643065268117],[64726],5674.9010695540455
6,1.37441682237E12,2013-07-21,1_1_2_LE07_004016_20130721,3.8830410641984736,[13.557873421160082],[0.5739160436000361],[0.9750536974209254],[42077],7915.856165277163
6,1.37718162416E12,2013-08-22,1_1_2_LE07_004016_20130822,0.9868375717613698,[5.656751045000021],[-4.985520830559949],[1.3244130088258685],[3275],9369.232803827377
6,9.36801046883E11,1999-09-08,1_1_2_LE07_005016_19990908,3.5014816733876066,[7.10584113212002],[0.04497061256000734],[0.5669285823041433],[77681],5810.041008318848
6,9.56154608717E11,2000-04-19,1_1_2_LE07_005016_20000419,1.246865415629892,[10.910391341840011],[-3.8670216378399687],[0.6051880898908756],[78507],13515.70650775152
6,9.63066565875E11,2000-07-08,1_1_2_LE07_005016_20000708,5.642924079234539,[12.293363250080006],[1.8990345453200348],[0.4856499142993105],[56156],8308.134504610978
6,9.93479234432E11,2001-06-25,1_1_2_LE07_005016_20010625,2.7725200873917606,[12.907711328840037],[-4.046091705639981],[1.175488311072749],[76464],6048.349230456167
6,1.019744799779E12,2002-04-25,1_1_2_LE07_005016_20020425,-1.207296904308583,[6.301403289079985],[-12.886643206719953],[0.9935380412895888],[78507],13560.457660877319
6,1.030803952198E12,2002-08-31,1_1_2_LE07_005016_20020831,3.668815530681783,[9.860765252120018],[0.788800124960062],[0.5262377297394877],[78257],5740.675426313633
6,1.050157598589E12,2003-04-12,1_1_2_LE07_005016_20030412,-7.317450074955108,[0.006401674880009978],[-20.258820151839956],[1.252540183406556],[78507],13543.528439060066
6,1.079188027603E12,2004-03-13,1_1_2_LE07_005016_20040313,-14.080074340391905,[-8.817620281479947],[-24.818219570439965],[2.1323259042791425],[61244],13314.15470540921
6,1.080570429476E12,2004-03-29,1_1_2_LE07_005016_20040329,-11.730208345017312,[-5.836792383639988],[-22.179002263479987],[1.448334857299009],[61677],13460.563584078944
6,1.081952823193E12,2004-04-14,1_1_2_LE07_005016_20040414,-2.1344523086065004,[3.904619304680068],[-9.208819506520001],[0.9750535677397678],[61671],13519.106144257385
6,1.094394395235E12,2004-09-05,1_1_2_LE07_005016_20040905,3.529527253712975,[8.73124636291999],[0.18271681856003852],[0.5725658404701474],[60566],5744.180887451564
6,1.095776789707E12,2004-09-21,1_1_2_LE07_005016_20040921,3.2597324006982533,[7.2986858205200065],[-1.8944959679199656],[0.6792622517760388],[61124],5741.40438902641
6,1.110983255097E12,2005-03-16,1_1_2_LE07_005016_20050316,-2.645122389768865,[3.430772356040052],[-9.054543755799955],[1.1285258931011255],[60061],11789.355156890359
6,1.112365652136E12,2005-04-01,1_1_2_LE07_005016_20050401,-7.160285380619578,[0.6317694501200322],[-19.09348724907997],[1.5828083008404739],[61884],13456.031218951615
6,1.124807229165E12,2005-08-23,1_1_2_LE07_005016_20050823,3.9449080090581714,[13.048212458960052],[0.6510539189600308],[0.5698815886307661],[60712],5726.384776212193
6,1.127572017127E12,2005-09-24,1_1_2_LE07_005016_20050924,3.1337532566525725,[5.378503708879975],[-2.7953561551599932],[0.7571270302932751],[61096],5758.678651213256
6,1.144160876444E12,2006-04-04,1_1_2_LE07_005016_20060404,-2.129237570166638,[3.582293182640001],[-11.635907656239965],[1.0357657366973196],[61387],13508.173029823438
6,1.155220053568E12,2006-08-10,1_1_2_LE07_005016_20060810,4.076581301714823,[10.541231509760053],[0.7584959596400154],[0.7977172915291462],[60615],5728.011250268129
6,1.16074963965E12,2006-10-13,1_1_2_LE07_005016_20061013,2.7913375534349902,[6.406090405640043],[-1.5501304529200297],[0.6668035929562441],[62682],5730.8443088700305
6,1.173191303335E12,2007-03-06,1_1_2_LE07_005016_20070306,-7.933669945429548,[0.10833386731997052],[-13.390794320679959],[1.2892279980679433],[60920],9444.7494815553
6,1.17733850186E12,2007-04-23,1_1_2_LE07_005016_20070423,-1.6688942135812392,[3.1910939576000033],[-10.247425899760003],[0.737475384106681],[62003],13542.842403208017
6,1.20913367839E12,2008-04-25,1_1_2_LE07_005016_20080425,1.3162240565445202,[13.235547299120014],[-2.437216019559969],[0.5786062732425541],[60675],13527.03495571178
6,1.210516073607E12,2008-05-11,1_1_2_LE07_005016_20080511,1.354005664760288,[11.88563448032005],[-0.3737778536799965],[0.6133527383941545],[61004],13528.83322257812
6,1.21604563725E12,2008-07-14,1_1_2_LE07_005016_20080714,4.065204523171618,[10.767135287600013],[1.0229686751600298],[0.5966733476625715],[60758],5730.617670728108
6,1.221575206467E12,2008-09-16,1_1_2_LE07_005016_20080916,3.666838432049048,[8.543911522760027],[0.08904939848002869],[0.5468722814320586],[61365],5715.962123079221
6,1.224339996711E12,2008-10-18,1_1_2_LE07_005016_20081018,2.06057161824942,[3.2489473641199993],[-6.911212790439947],[1.0526523540129],[63514],5994.404105862055
6,1.247840891775E12,2009-07-17,1_1_2_LE07_005016_20090717,3.6804240452941053,[12.315402643040045],[0.8025747455600367],[0.7107100424044749],[62040],5717.269097504552
6,1.253370481706E12,2009-09-19,1_1_2_LE07_005016_20090919,2.772236876399955,[4.474888597520021],[-6.20319729160002],[0.7888856653293368],[51075],6503.342641264384
6,1.254752878964E12,2009-10-05,1_1_2_LE07_005016_20091005,2.8766870377591607,[3.9266586976400504],[-3.9827284508799607],[0.9070907951601395],[61509],5732.412375062167
6,1.274106598968E12,2010-05-17,1_1_2_LE07_005016_20100517,2.24350076420102,[17.78943686947997],[0.6014652847999855],[0.9832959919126428],[62841],6690.634097160726
6,1.282401007482E12,2010-08-21,1_1_2_LE07_005016_20100821,4.942829583528963,[10.433789469080011],[0.7695156561200065],[1.3332778502693565],[61503],5700.016562202624
6,1.301754689934E12,2011-04-02,1_1_2_LE07_005016_20110402,-4.061686612142679,[4.678752982399999],[-11.258483051799999],[1.0540408148948717],[61896],13461.034181050014
6,1.303137088285E12,2011-04-18,1_1_2_LE07_005016_20110418,-7.592906821378294,[2.901826925000023],[-17.33033581227997],[1.3326369367553723],[63207],13594.669754613518
6,1.375021989132E12,2013-07-28,1_1_2_LE07_005016_20130728,4.132261322681816,[13.891219239680026],[0.7254368701999852],[0.6844645448267378],[62627],5676.117731528574
6,1.381934034011E12,2013-10-16,1_1_2_LE07_005016_20131016,2.7745812492584054,[7.116860828600011],[-0.17817824115996928],[0.6008984044237997],[63375],5673.2005647812875
6,7.10948913393E11,1992-07-12,1_2_LT05_003016_19920712,2.382987375106481,[12.629463992720048],[-38.12174814591995],[2.8332276495101985],[3730],13274.784134113928
6,7.39979282114E11,1993-06-13,1_2_LT05_003016_19930613,6.3736204110313395,[15.599272194080015],[-33.36123926655998],[5.5162339468082875],[604],12069.53439194674
6,8.10480470233E11,1995-09-07,1_2_LT05_003016_19950907,-0.7371543544676677,[6.238040034320022],[-33.65601614739998],[1.4353383372972215],[22457],12583.810752625053
6,7.0818416076E11,1992-06-10,1_2_LT05_003017_19920610,1.5228939205285863,[11.714829184879989],[-33.865390380519955],[2.311954900500741],[3731],13600.001247901782
6,7.10948937168E11,1992-07-12,1_2_LT05_003017_19920712,2.386987200026728,[12.61844429624],[-36.23462512371995],[2.82233456250018],[3729],12831.07903007116
6,7.39979305917E11,1993-06-13,1_2_LT05_003017_19930613,2.991816403150767,[11.436581848760056],[-30.002986764279967],[5.537078251839494],[262],13537.453456624386
6,7.10171690597E11,1992-07-03,1_2_LT05_004016_19920703,0.45039161154417867,[8.31800774492001],[-3.8560019413599775],[0.88861055093496],[41912],13610.173542697716
6,7.12936467263E11,1992-08-04,1_2_LT05_004016_19920804,2.1829888972024425,[13.28513593328006],[0.25709976980004967],[0.7268217735467538],[78517],7831.263687708946
6,7.15701237084E11,1992-09-05,1_2_LT05_004016_19920905,-0.09738532033278617,[5.532779459600022],[-2.401402006000012],[1.1199831712688955],[41701],8999.07262049301
6,7.35054844567E11,1993-04-17,1_2_LT05_004016_19930417,-7.707750337383927,[-2.897288347599954],[-17.01902938671998],[1.0887641011502802],[78507],13600.0
6,7.37819651055E11,1993-05-19,1_2_LT05_004016_19930519,0.13840174737426153,[8.772570224720027],[-1.3242266750800127],[0.5393370479546749],[78507],13599.949074107091
6,7.39202054506E11,1993-06-04,1_2_LT05_004016_19930604,0.659248746556194,[11.960017431560004],[-0.37928770191996364],[0.717674235804385],[78507],13582.28881859
6,7.73761801124E11,1994-07-09,1_2_LT05_004016_19940709,2.9160740386419413,[14.086818852199997],[1.3094807836400264],[0.9370928447484071],[77165],10890.513547347844
6,7.80673673752E11,1994-09-27,1_2_LT05_004016_19940927,1.8275802856955135,[4.461113976920046],[-1.258108496200009],[0.5356263174914287],[77050],5853.736290579068
6,8.06938556353E11,1995-07-28,1_2_LT05_004016_19950728,3.7415674275659754,[9.251927021600011],[1.2047936670800254],[0.6410114699479232],[70570],6786.982708474124
6,8.12467972319E11,1995-09-30,1_2_LT05_004016_19950930,1.8077591274975384,[3.4169977354400203],[-1.8008285478399557],[0.640359557095957],[77822],5845.317007290878
6,8.34587061646E11,1996-06-12,1_2_LT05_004016_19960612,2.471108345373222,[14.577195345560028],[0.5821808159599868],[0.7560803372334619],[78410],6040.528711572899
6,8.42881769443E11,1996-09-16,1_2_LT05_004016_19960916,0.8265728574685924,[5.279326440560055],[-1.3021872821199736],[0.8438361043701386],[65574],10506.059263270085
6,8.65000836169E11,1997-05-30,1_2_LT05_004016_19970530,1.6151422348706417,[12.29611817419999],[-0.24154149591993246],[0.6478681856273946],[78506],12959.879619016774
6,8.66383268683E11,1997-06-15,1_2_LT05_004016_19970615,2.722260576046601,[15.811401351320058],[0.6923777807600118],[0.8120402912411224],[78283],6277.485770110964
6,8.76060281163E11,1997-10-05,1_2_LT05_004016_19971005,-2.3937593713674876,[1.1193910193600232],[-9.663381986319962],[1.766124827417099],[78507],13580.60370159453
6,8.95414149889E11,1998-05-17,1_2_LT05_004016_19980517,0.9356410277916027,[12.026135610440008],[-1.6961414312800116],[0.6316613095813055],[78507],13543.1499471144
6,8.96796566018E11,1998-06-02,1_2_LT05_004016_19980602,2.398161902141398,[15.257661603200006],[0.7750255043600305],[0.8169494205012261],[78487],6606.6636136490515
6,8.98178977235E11,1998-06-18,1_2_LT05_004016_19980618,2.8024401295714414,[5.921223760520036],[1.3618243419200553],[0.4346322262019327],[66364],11208.246568697068
6,9.037086137E11,1998-08-21,1_2_LT05_004016_19980821,3.678982889232448,[11.092216333760064],[0.7832902767199812],[0.6279053656342956],[78140],5801.184899343494
6,5.58713084591E11,1987-09-15,1_2_LT05_005016_19870915,2.6981838884605667,[7.400618012960024],[0.46922892704003516],[0.47557087363956196],[77507],5973.785807714988
6,7.10776856096E11,1992-07-10,1_2_LT05_005016_19920710,0.4907170860630472,[13.304420402120002],[-1.0928130489999717],[0.8801571847357215],[78510],13323.280000603025
6,7.32895202338E11,1993-03-23,1_2_LT05_005016_19930323,-12.341872289187766,[-10.272220216839969],[-14.03544656475998],[0.5672472964856936],[78507],13765.58991630412
6,7.79896459614E11,1994-09-18,1_2_LT05_005016_19940918,2.2709712477546122,[7.444696798880045],[-2.6713845697599936],[0.7274583272417386],[37691],6654.681539139367
6,8.91872085682E11,1998-04-06,1_2_LT05_005016_19980406,-2.4917189494806493,[2.4913432311200268],[-12.330148534479974],[1.1028364281855705],[78507],13504.187782640158
6,9.07078602633E11,1998-09-29,1_2_LT05_005016_19980929,2.9268404209271277,[5.921223760520036],[0.10833386731997052],[0.5224227817761187],[77793],5773.382138205287
6,8.39944800304E11,1996-08-13,1_2_LT05_006016_19960813,1.3698118221956117,[4.075424600120016],[0.3039334798400546],[0.8206634340196949],[2518],11584.730500476848
6,8.42709704659E11,1996-09-14,1_2_LT05_006016_19960914,0.22783794553067496,[2.83846367024006],[-0.8641543470399711],[0.6682848025771939],[1717],11423.422203822853
6,8.45474605939E11,1996-10-16,1_2_LT05_006016_19961016,,[null],[null],[null],[0],
