,file,datetime,n_valid_pixels,lst_mean_C,lst_median_C,lst_std
0,C:\Users\Lenovo\Documents\GEUS_internship\LWST_estimation_project\ASTER08_LSWT\data\AST_08_00403082008145510_20250620191042_SKT.tif,2008-03-08 14:55:10,78,-20.415374755859375,-20.449996948242188,0.6318120956420898
1,C:\Users\Lenovo\Documents\GEUS_internship\LWST_estimation_project\ASTER08_LSWT\data\AST_08_00403082008145519_20250620191317_SKT.tif,2008-03-08 14:55:19,1386,-20.68195343017578,-20.849990844726562,0.7514554262161255
2,C:\Users\Lenovo\Documents\GEUS_internship\LWST_estimation_project\ASTER08_LSWT\data\AST_08_00404122003145553_20250308145600_SKT.tif,2003-04-12 14:55:53,124,-7.810471534729004,-7.8499755859375,0.3470647931098938
3,C:\Users\Lenovo\Documents\GEUS_internship\LWST_estimation_project\ASTER08_LSWT\data\AST_08_00404122003145602_20250308145051_SKT.tif,2003-04-12 14:56:02,5348,-8.126482963562012,-8.149993896484375,0.46297356486320496
4,C:\Users\Lenovo\Documents\GEUS_internship\LWST_estimation_project\ASTER08_LSWT\data\AST_08_00404212003144939_20250308192344_SKT.tif,2003-04-21 14:49:39,5341,-0.5395216941833496,-0.54998779296875,0.6350825428962708
5,C:\Users\Lenovo\Documents\GEUS_internship\LWST_estimation_project\ASTER08_LSWT\data\AST_08_00404212018145615_20250826195902_SKT.tif,2018-04-21 14:56:15,119,-2.3583908081054688,-2.449981689453125,0.6649150252342224
6,C:\Users\Lenovo\Documents\GEUS_internship\LWST_estimation_project\ASTER08_LSWT\data\AST_08_00404212018145623_20250826200305_SKT.tif,2018-04-21 14:56:23,3051,-3.0245208740234375,-3.04998779296875,1.0619627237319946
7,C:\Users\Lenovo\Documents\GEUS_internship\LWST_estimation_project\ASTER08_LSWT\data\AST_08_00405022023143159_20250927152529_SKT.tif,2023-05-02 14:31:59,122,1.914767861366272,1.95001220703125,0.2977854013442993
8,C:\Users\Lenovo\Documents\GEUS_internship\LWST_estimation_project\ASTER08_LSWT\data\AST_08_00405022023143208_20250927152401_SKT.tif,2023-05-02 14:32:08,2681,1.6535552740097046,1.6500244140625,0.34695670008659363
9,C:\Users\Lenovo\Documents\GEUS_internship\LWST_estimation_project\ASTER08_LSWT\data\AST_08_00405062017144313_20250821044952_SKT.tif,2017-05-06 14:43:13,5345,2.088740110397339,2.050018310546875,0.40679997205734253
10,C:\Users\Lenovo\Documents\GEUS_internship\LWST_estimation_project\ASTER08_LSWT\data\AST_08_00405072003144929_20250309105559_SKT.tif,2003-05-07 14:49:29,1643,0.3475167155265808,0.45001220703125,0.6637096405029297
11,C:\Users\Lenovo\Documents\GEUS_internship\LWST_estimation_project\ASTER08_LSWT\data\AST_08_00405122014145557_20250728004158_SKT.tif,2014-05-12 14:55:57,3148,1.5434049367904663,1.550018310546875,0.29297271370887756
12,C:\Users\Lenovo\Documents\GEUS_internship\LWST_estimation_project\ASTER08_LSWT\data\AST_08_00406032024141744_20251005001752_SKT.tif,2024-06-03 14:17:44,5336,3.010132312774658,3.050018310546875,0.44399070739746094
13,C:\Users\Lenovo\Documents\GEUS_internship\LWST_estimation_project\ASTER08_LSWT\data\AST_08_00406082018145646_20250827161026_SKT.tif,2018-06-08 14:56:46,105,2.069058895111084,2.050018310546875,0.2808469235897064
14,C:\Users\Lenovo\Documents\GEUS_internship\LWST_estimation_project\ASTER08_LSWT\data\AST_08_00406082018145654_20250827161209_SKT.tif,2018-06-08 14:56:54,5343,1.963674783706665,1.95001220703125,0.4072849750518799
15,C:\Users\Lenovo\Documents\GEUS_internship\LWST_estimation_project\ASTER08_LSWT\data\AST_08_00406112016145012_20250812140444_SKT.tif,2016-06-11 14:50:12,464,4.05475378036499,4.050018310546875,0.5665034055709839
16,C:\Users\Lenovo\Documents\GEUS_internship\LWST_estimation_project\ASTER08_LSWT\data\AST_08_00406172019005253_20250903161326_SKT.tif,2019-06-17 00:52:53,5335,3.0827393531799316,3.050018310546875,0.53780198097229
17,C:\Users\Lenovo\Documents\GEUS_internship\LWST_estimation_project\ASTER08_LSWT\data\AST_08_00406182019150138_20250903165053_SKT.tif,2019-06-18 15:01:38,665,1.8868541717529297,1.95001220703125,0.4222519099712372
18,C:\Users\Lenovo\Documents\GEUS_internship\LWST_estimation_project\ASTER08_LSWT\data\AST_08_00406192014005320_20250731001844_SKT.tif,2014-06-19 00:53:20,5326,2.3607707023620605,2.350006103515625,0.46392443776130676
19,C:\Users\Lenovo\Documents\GEUS_internship\LWST_estimation_project\ASTER08_LSWT\data\AST_08_00406212017145527_20250821225848_SKT.tif,2017-06-21 14:55:27,76,4.367117404937744,4.350006103515625,0.33458250761032104
20,C:\Users\Lenovo\Documents\GEUS_internship\LWST_estimation_project\ASTER08_LSWT\data\AST_08_00406212017145536_20250821230026_SKT.tif,2017-06-21 14:55:36,1155,3.824124813079834,3.850006103515625,0.39797744154930115
21,C:\Users\Lenovo\Documents\GEUS_internship\LWST_estimation_project\ASTER08_LSWT\data\AST_08_00406242010005247_20250704191814_SKT.tif,2010-06-24 00:52:47,5339,3.8465471267700195,3.850006103515625,0.46443596482276917
22,C:\Users\Lenovo\Documents\GEUS_internship\LWST_estimation_project\ASTER08_LSWT\data\AST_08_00406262010004025_20250704195929_SKT.tif,2010-06-26 00:40:25,2881,3.4062771797180176,3.45001220703125,0.4993535876274109
23,C:\Users\Lenovo\Documents\GEUS_internship\LWST_estimation_project\ASTER08_LSWT\data\AST_08_00406282017150137_20250822014842_SKT.tif,2017-06-28 15:01:37,5348,4.057790756225586,4.050018310546875,0.42183205485343933
24,C:\Users\Lenovo\Documents\GEUS_internship\LWST_estimation_project\ASTER08_LSWT\data\AST_08_00407012003145509_20250311165626_SKT.tif,2003-07-01 14:55:09,77,5.104556083679199,5.050018310546875,0.35145097970962524
25,C:\Users\Lenovo\Documents\GEUS_internship\LWST_estimation_project\ASTER08_LSWT\data\AST_08_00407012003145518_20250311165007_SKT.tif,2003-07-01 14:55:18,5357,4.571516990661621,4.550018310546875,0.500718891620636
26,C:\Users\Lenovo\Documents\GEUS_internship\LWST_estimation_project\ASTER08_LSWT\data\AST_08_00407032003144253_20250311182559_SKT.tif,2003-07-03 14:42:53,1209,4.436033248901367,4.45001220703125,0.3282584547996521
27,C:\Users\Lenovo\Documents\GEUS_internship\LWST_estimation_project\ASTER08_LSWT\data\AST_08_00407032007150137_20250615225111_SKT.tif,2007-07-03 15:01:37,5345,3.6434638500213623,4.1500244140625,1.6149530410766602
28,C:\Users\Lenovo\Documents\GEUS_internship\LWST_estimation_project\ASTER08_LSWT\data\AST_08_00407042025134722_20251010012401_SKT.tif,2025-07-04 13:47:22,86,5.047686576843262,5.050018310546875,0.31437551975250244
29,C:\Users\Lenovo\Documents\GEUS_internship\LWST_estimation_project\ASTER08_LSWT\data\AST_08_00407042025134731_20251010013335_SKT.tif,2025-07-04 13:47:31,4174,4.577132225036621,4.550018310546875,0.4526793360710144
30,C:\Users\Lenovo\Documents\GEUS_internship\LWST_estimation_project\ASTER08_LSWT\data\AST_08_00407112001150323_20250209211056_SKT.tif,2001-07-11 15:03:23,109,4.987627029418945,4.95001220703125,0.23453646898269653
31,C:\Users\Lenovo\Documents\GEUS_internship\LWST_estimation_project\ASTER08_LSWT\data\AST_08_00407122007145530_20250616130303_SKT.tif,2007-07-12 14:55:30,99,2.6560733318328857,2.350006103515625,1.1878857612609863
32,C:\Users\Lenovo\Documents\GEUS_internship\LWST_estimation_project\ASTER08_LSWT\data\AST_08_00407122007145539_20250616131525_SKT.tif,2007-07-12 14:55:39,3531,3.890425205230713,4.050018310546875,0.7293659448623657
33,C:\Users\Lenovo\Documents\GEUS_internship\LWST_estimation_project\ASTER08_LSWT\data\AST_08_00407132001145110_20250209230446_SKT.tif,2001-07-13 14:51:10,5341,4.553588390350342,4.550018310546875,0.525874674320221
34,C:\Users\Lenovo\Documents\GEUS_internship\LWST_estimation_project\ASTER08_LSWT\data\AST_08_00407182012144908_20250718015113_SKT.tif,2012-07-18 14:49:08,5333,3.8990652561187744,4.6500244140625,2.6287283897399902
35,C:\Users\Lenovo\Documents\GEUS_internship\LWST_estimation_project\ASTER08_LSWT\data\AST_08_00407192013150126_20250724223014_SKT.tif,2013-07-19 15:01:26,5355,4.949825286865234,4.95001220703125,0.48242297768592834
36,C:\Users\Lenovo\Documents\GEUS_internship\LWST_estimation_project\ASTER08_LSWT\data\AST_08_00407202019150129_20250904073650_SKT.tif,2019-07-20 15:01:29,880,4.256148815155029,4.25,0.3658841550350189
37,C:\Users\Lenovo\Documents\GEUS_internship\LWST_estimation_project\ASTER08_LSWT\data\AST_08_00407242023002220_20250928101129_SKT.tif,2023-07-24 00:22:20,2134,4.480893135070801,4.45001220703125,0.4032174050807953
38,C:\Users\Lenovo\Documents\GEUS_internship\LWST_estimation_project\ASTER08_LSWT\data\AST_08_00407292001145104_20250210150441_SKT.tif,2001-07-29 14:51:04,5341,4.265253067016602,4.25,0.5956462621688843
39,C:\Users\Lenovo\Documents\GEUS_internship\LWST_estimation_project\ASTER08_LSWT\data\AST_08_00407292016145008_20250815011313_SKT.tif,2016-07-29 14:50:08,705,3.8968212604522705,3.95001220703125,0.5414654612541199
40,C:\Users\Lenovo\Documents\GEUS_internship\LWST_estimation_project\ASTER08_LSWT\data\AST_08_00408022001010039_20250210182315_SKT.tif,2001-08-02 01:00:39,5335,3.7937235832214355,3.850006103515625,0.4385216236114502
41,C:\Users\Lenovo\Documents\GEUS_internship\LWST_estimation_project\ASTER08_LSWT\data\AST_08_00408022003145433_20250313071532_SKT.tif,2003-08-02 14:54:33,1455,4.28856897354126,4.45001220703125,0.7764339447021484
42,C:\Users\Lenovo\Documents\GEUS_internship\LWST_estimation_project\ASTER08_LSWT\data\AST_08_00408022014144318_20250801015357_SKT.tif,2014-08-02 14:43:18,5339,4.376646518707275,4.6500244140625,0.8677994608879089
43,C:\Users\Lenovo\Documents\GEUS_internship\LWST_estimation_project\ASTER08_LSWT\data\AST_08_00408032015145640_20250808030803_SKT.tif,2015-08-03 14:56:40,4677,5.127198696136475,5.1500244140625,0.3922043442726135
44,C:\Users\Lenovo\Documents\GEUS_internship\LWST_estimation_project\ASTER08_LSWT\data\AST_08_00408042001004816_20250210203620_SKT.tif,2001-08-04 00:48:16,5344,4.295932292938232,4.350006103515625,0.4850557744503021
45,C:\Users\Lenovo\Documents\GEUS_internship\LWST_estimation_project\ASTER08_LSWT\data\AST_08_00408042001004824_20250210203449_SKT.tif,2001-08-04 00:48:24,1169,3.960875988006592,4.25,0.8539106845855713
46,C:\Users\Lenovo\Documents\GEUS_internship\LWST_estimation_project\ASTER08_LSWT\data\AST_08_00408072014150147_20250801044119_SKT.tif,2014-08-07 15:01:47,358,3.5810189247131348,3.850006103515625,0.8615076541900635
47,C:\Users\Lenovo\Documents\GEUS_internship\LWST_estimation_project\ASTER08_LSWT\data\AST_08_00408082002145042_20250225063857_SKT.tif,2002-08-08 14:50:42,784,3.918379545211792,4.1500244140625,0.9061409831047058
48,C:\Users\Lenovo\Documents\GEUS_internship\LWST_estimation_project\ASTER08_LSWT\data\AST_08_00408112023143453_20250929160437_SKT.tif,2023-08-11 14:34:53,5355,5.365138530731201,5.350006103515625,0.5775337219238281
49,C:\Users\Lenovo\Documents\GEUS_internship\LWST_estimation_project\ASTER08_LSWT\data\AST_08_00408132004144847_20250330175401_SKT.tif,2004-08-13 14:48:47,2293,5.614774227142334,5.550018310546875,0.5762386918067932
50,C:\Users\Lenovo\Documents\GEUS_internship\LWST_estimation_project\ASTER08_LSWT\data\AST_08_00408142016144959_20250815110608_SKT.tif,2016-08-14 14:49:59,1208,4.029151916503906,4.1500244140625,0.6622973084449768
51,C:\Users\Lenovo\Documents\GEUS_internship\LWST_estimation_project\ASTER08_LSWT\data\AST_08_00408212019150124_20250904222038_SKT.tif,2019-08-21 15:01:24,795,4.155672550201416,4.1500244140625,0.36601632833480835
52,C:\Users\Lenovo\Documents\GEUS_internship\LWST_estimation_project\ASTER08_LSWT\data\AST_08_00408232020150129_20250910233958_SKT.tif,2020-08-23 15:01:29,1349,4.533629417419434,4.550018310546875,0.4925745725631714
53,C:\Users\Lenovo\Documents\GEUS_internship\LWST_estimation_project\ASTER08_LSWT\data\AST_08_00409042021145123_20250917115225_SKT.tif,2021-09-04 14:51:23,100,5.452010631561279,5.350006103515625,0.5598166584968567
54,C:\Users\Lenovo\Documents\GEUS_internship\LWST_estimation_project\ASTER08_LSWT\data\AST_08_00409042021145132_20250917120425_SKT.tif,2021-09-04 14:51:32,1638,5.092868804931641,5.050018310546875,0.4136795401573181
55,C:\Users\Lenovo\Documents\GEUS_internship\LWST_estimation_project\ASTER08_LSWT\data\AST_08_00409112015150211_20250808202655_SKT.tif,2015-09-11 15:02:11,5351,4.809664249420166,4.95001220703125,0.6244979500770569
56,C:\Users\Lenovo\Documents\GEUS_internship\LWST_estimation_project\ASTER08_LSWT\data\AST_08_00409122018145637_20250829145150_SKT.tif,2018-09-12 14:56:37,105,4.082393169403076,4.1500244140625,0.26021894812583923
57,C:\Users\Lenovo\Documents\GEUS_internship\LWST_estimation_project\ASTER08_LSWT\data\AST_08_00409122018145646_20250829145717_SKT.tif,2018-09-12 14:56:46,5251,3.8920609951019287,3.95001220703125,0.32128089666366577
58,C:\Users\Lenovo\Documents\GEUS_internship\LWST_estimation_project\ASTER08_LSWT\data\AST_08_00409152019145504_20250905091533_SKT.tif,2019-09-15 14:55:04,87,4.241967678070068,4.1500244140625,0.29330313205718994
59,C:\Users\Lenovo\Documents\GEUS_internship\LWST_estimation_project\ASTER08_LSWT\data\AST_08_00409152019145513_20250905092305_SKT.tif,2019-09-15 14:55:13,1198,4.250512599945068,4.25,0.29084479808807373
60,C:\Users\Lenovo\Documents\GEUS_internship\LWST_estimation_project\ASTER08_LSWT\data\AST_08_00409192018150244_20250829174949_SKT.tif,2018-09-19 15:02:44,5340,3.8673346042633057,3.850006103515625,0.3912114202976227
61,C:\Users\Lenovo\Documents\GEUS_internship\LWST_estimation_project\ASTER08_LSWT\data\AST_08_00409202015145547_20250808235134_SKT.tif,2015-09-20 14:55:47,67,3.3112056255340576,3.350006103515625,0.3867032825946808
62,C:\Users\Lenovo\Documents\GEUS_internship\LWST_estimation_project\ASTER08_LSWT\data\AST_08_00409202015145556_20250809000128_SKT.tif,2015-09-20 14:55:56,1923,3.237687587738037,3.25,0.45227715373039246
63,C:\Users\Lenovo\Documents\GEUS_internship\LWST_estimation_project\ASTER08_LSWT\data\AST_08_00409212013150138_20250725225658_SKT.tif,2013-09-21 15:01:38,5349,4.342178821563721,4.45001220703125,0.5193295478820801
64,C:\Users\Lenovo\Documents\GEUS_internship\LWST_estimation_project\ASTER08_LSWT\data\AST_08_00409222019150115_20250905115001_SKT.tif,2019-09-22 15:01:15,5352,4.045639991760254,4.1500244140625,0.43479490280151367
65,C:\Users\Lenovo\Documents\GEUS_internship\LWST_estimation_project\ASTER08_LSWT\data\AST_08_00409272021145712_20250917210515_SKT.tif,2021-09-27 14:57:12,5352,3.7613909244537354,3.850006103515625,0.5515260696411133
